[
  {
    "id": "08b11ecb-45b3-4a79-91f1-de5ca9756ec3",
    "data": [
      {
        "text": "I want to know more about the corona virus",
        "userDefined": false
      }
    ],
    "isTemplate": false,
    "count": 0,
    "updated": 0
  },
  {
    "id": "1b31ad7e-c57a-44bb-8cdd-05131f06286f",
    "data": [
      {
        "text": "Tell me about the corona virus",
        "userDefined": false
      }
    ],
    "isTemplate": false,
    "count": 0,
    "updated": 0
  },
  {
    "id": "c8547609-73c6-4b0d-be70-d7201b6246a5",
    "data": [
      {
        "text": "What is the corona virus?",
        "userDefined": false
      }
    ],
    "isTemplate": false,
    "count": 0,
    "updated": 0
  }
]