[
  {
    "id": "29130717-0387-47d1-879b-90f749cf4fa2",
    "data": [
      {
        "text": "how does the corona virus spread?",
        "userDefined": false
      }
    ],
    "isTemplate": false,
    "count": 0,
    "updated": 0
  },
  {
    "id": "53044cb3-056c-48eb-9d3d-62dfb3ce473a",
    "data": [
      {
        "text": "How is coronavirus spread?",
        "userDefined": false
      }
    ],
    "isTemplate": false,
    "count": 0,
    "updated": 0
  },
  {
    "id": "54b9d638-8442-4455-9af0-0f908bbb15fd",
    "data": [
      {
        "text": "how is corona virus spread?",
        "userDefined": false
      }
    ],
    "isTemplate": false,
    "count": 0,
    "updated": 0
  },
  {
    "id": "dc4fc44b-3c3c-4966-8c60-12eb64d55295",
    "data": [
      {
        "text": "how is coronavirus spread",
        "userDefined": false
      }
    ],
    "isTemplate": false,
    "count": 0,
    "updated": 0
  },
  {
    "id": "efec0926-ad24-4f7f-b424-0d49552688ed",
    "data": [
      {
        "text": "how is corona virus spread",
        "userDefined": false
      }
    ],
    "isTemplate": false,
    "count": 1,
    "updated": 0
  }
]