[
  {
    "id": "eb7208f7-a0d6-4004-abd4-7aa71fe74927",
    "data": [
      {
        "text": "How many people have been infected by the corona virus?",
        "userDefined": false
      }
    ],
    "isTemplate": false,
    "count": 0,
    "updated": 0
  },
  {
    "id": "ef0dcee8-b781-4833-b9d8-05819fc86277",
    "data": [
      {
        "text": "How many people have been infected by the coronavirus?",
        "userDefined": false
      }
    ],
    "isTemplate": false,
    "count": 0,
    "updated": 0
  },
  {
    "id": "4053ad2b-0fce-46d2-afb6-b492cdb873c9",
    "data": [
      {
        "text": "How many people have been infected by the coronavirus",
        "userDefined": false
      }
    ],
    "isTemplate": false,
    "count": 0,
    "updated": 0
  },
  {
    "id": "3f7f1207-b6e9-48e2-8bc6-92a60077f29b",
    "data": [
      {
        "text": "How many people have been infected by the corona virus",
        "userDefined": false
      }
    ],
    "isTemplate": false,
    "count": 0,
    "updated": 0
  }
]