[
  {
    "id": "39d6bf55-ea54-481e-9162-a5c765663c0d",
    "data": [
      {
        "text": "How many people are currently sick with the corona virus?",
        "userDefined": false
      }
    ],
    "isTemplate": false,
    "count": 0,
    "updated": 0
  },
  {
    "id": "425a84a5-1ab4-48d5-9126-3e93dc931c22",
    "data": [
      {
        "text": "How many people are currently sick with the corona virus",
        "userDefined": false
      }
    ],
    "isTemplate": false,
    "count": 0,
    "updated": 0
  },
  {
    "id": "dc1197b2-0c09-4f46-8c77-1275bfa52f91",
    "data": [
      {
        "text": "How many people are currently sick with the coronavirus?",
        "userDefined": false
      }
    ],
    "isTemplate": false,
    "count": 0,
    "updated": 0
  },
  {
    "id": "60876772-fed6-4a91-8a89-4930dcf6992d",
    "data": [
      {
        "text": "How many people are currently sick with the coronavirus",
        "userDefined": false
      }
    ],
    "isTemplate": false,
    "count": 0,
    "updated": 0
  }
]