[
  {
    "id": "1d00cae5-4620-4825-b83b-d5a83050d198",
    "data": [
      {
        "text": "How many people have died from the corona virus?",
        "userDefined": false
      }
    ],
    "isTemplate": false,
    "count": 0,
    "updated": 0
  },
  {
    "id": "664f2e4a-bf28-4d05-98e5-2d9fb058f741",
    "data": [
      {
        "text": "How many people have died from the corona virus",
        "userDefined": false
      }
    ],
    "isTemplate": false,
    "count": 0,
    "updated": 0
  },
  {
    "id": "9fdf5caa-d5d7-47ff-a7f1-5eebaf9ed536",
    "data": [
      {
        "text": "How many people have died from the coronavirus?",
        "userDefined": false
      }
    ],
    "isTemplate": false,
    "count": 0,
    "updated": 0
  },
  {
    "id": "5600c1c7-873a-4b33-b84e-b9cd1c4106df",
    "data": [
      {
        "text": "How many people have died from the coronavirus",
        "userDefined": false
      }
    ],
    "isTemplate": false,
    "count": 0,
    "updated": 0
  }
]