[
  {
    "id": "76f69db5-c0ce-46f7-ad5c-5834af42f015",
    "data": [
      {
        "text": "How many people have survived the corona virus?",
        "userDefined": false
      }
    ],
    "isTemplate": false,
    "count": 0,
    "updated": 0
  },
  {
    "id": "903502b4-4064-4d22-a856-a26125bbe044",
    "data": [
      {
        "text": "How many people have survived the corona virus",
        "userDefined": false
      }
    ],
    "isTemplate": false,
    "count": 0,
    "updated": 0
  },
  {
    "id": "7af04a2e-8ac0-43f7-a875-aada4c6696c6",
    "data": [
      {
        "text": "How many people have recovered from the corona virus?",
        "userDefined": false
      }
    ],
    "isTemplate": false,
    "count": 0,
    "updated": 0
  },
  {
    "id": "f7dc172f-3733-46a2-8f53-2bd27a7ee9b8",
    "data": [
      {
        "text": "How many people have recovered from the coronavirus?",
        "userDefined": false
      }
    ],
    "isTemplate": false,
    "count": 0,
    "updated": 0
  },
  {
    "id": "2d6941d7-acc4-47c7-805d-888ad02b17d0",
    "data": [
      {
        "text": "How many people have recovered from the corona virus",
        "userDefined": false
      }
    ],
    "isTemplate": false,
    "count": 0,
    "updated": 0
  },
  {
    "id": "beaea669-de2e-46e9-8825-08ad1c258c48",
    "data": [
      {
        "text": "How many people have recovered from the coronavirus",
        "userDefined": false
      }
    ],
    "isTemplate": false,
    "count": 0,
    "updated": 0
  }
]