[
  {
    "id": "ecc84d7c-6fe9-45a6-bab8-9dda0db2d314",
    "data": [
      {
        "text": "Bye",
        "userDefined": false
      }
    ],
    "isTemplate": false,
    "count": 0,
    "updated": 0
  },
  {
    "id": "8616334d-02ff-4c4c-bf48-f344778641ae",
    "data": [
      {
        "text": "Thank you",
        "userDefined": false
      }
    ],
    "isTemplate": false,
    "count": 0,
    "updated": 0
  },
  {
    "id": "899322ec-c855-401c-b404-a8e087373f8e",
    "data": [
      {
        "text": "Ok bye",
        "userDefined": false
      }
    ],
    "isTemplate": false,
    "count": 0,
    "updated": 0
  },
  {
    "id": "d9aa68e3-305b-4450-8f93-9ba0d816f33a",
    "data": [
      {
        "text": "Okay, bye.",
        "userDefined": false
      }
    ],
    "isTemplate": false,
    "count": 0,
    "updated": 0
  },
  {
    "id": "288acf29-d52a-4eb2-900d-c1b0309b5b63",
    "data": [
      {
        "text": "Thank you, goodbye.",
        "userDefined": false
      }
    ],
    "isTemplate": false,
    "count": 0,
    "updated": 0
  }
]