[
  {
    "id": "df7eff70-d939-4906-b27e-f04cc1354139",
    "data": [
      {
        "text": "I am from ",
        "userDefined": false
      },
      {
        "text": "Knoxville",
        "alias": "geo-city",
        "meta": "@sys.geo-city",
        "userDefined": true
      },
      {
        "text": ", ",
        "userDefined": false
      },
      {
        "text": "Tennessee",
        "alias": "geo-state",
        "meta": "@sys.geo-state",
        "userDefined": true
      }
    ],
    "isTemplate": false,
    "count": 0,
    "updated": 0
  },
  {
    "id": "ee8dc6d6-fa66-4ac9-af54-e4e2c496fded",
    "data": [
      {
        "text": "I am from ",
        "userDefined": false
      },
      {
        "text": "Tennessee",
        "alias": "geo-state",
        "meta": "@sys.geo-state",
        "userDefined": true
      }
    ],
    "isTemplate": false,
    "count": 0,
    "updated": 0
  },
  {
    "id": "5f4613cf-eff3-476d-91ec-5353eef3e906",
    "data": [
      {
        "text": "I live in ",
        "userDefined": false
      },
      {
        "text": "Tennessee",
        "alias": "geo-state",
        "meta": "@sys.geo-state",
        "userDefined": true
      }
    ],
    "isTemplate": false,
    "count": 0,
    "updated": 0
  },
  {
    "id": "9b1cc6db-4082-4667-a634-98dcecf2ee10",
    "data": [
      {
        "text": "I am from ",
        "userDefined": false
      },
      {
        "text": "Knoxville",
        "alias": "geo-city",
        "meta": "@sys.geo-city",
        "userDefined": true
      }
    ],
    "isTemplate": false,
    "count": 0,
    "updated": 0
  },
  {
    "id": "67a20c33-f7c9-42ab-9381-df1833962b3a",
    "data": [
      {
        "text": "I live in ",
        "userDefined": false
      },
      {
        "text": "Knoxville",
        "alias": "geo-city",
        "meta": "@sys.geo-city",
        "userDefined": true
      }
    ],
    "isTemplate": false,
    "count": 0,
    "updated": 0
  },
  {
    "id": "d3c362cb-cf4b-4cd4-8e27-ed3c36abdcb9",
    "data": [
      {
        "text": "I live in ",
        "userDefined": false
      },
      {
        "text": "China",
        "alias": "geo-country",
        "meta": "@sys.geo-country",
        "userDefined": true
      }
    ],
    "isTemplate": false,
    "count": 0,
    "updated": 0
  },
  {
    "id": "b6b55719-c441-470a-960c-acbd5bea3785",
    "data": [
      {
        "text": "I am from ",
        "userDefined": false
      },
      {
        "text": "China",
        "alias": "geo-country",
        "meta": "@sys.geo-country",
        "userDefined": true
      }
    ],
    "isTemplate": false,
    "count": 0,
    "updated": 0
  }
]