[
  {
    "id": "5795a9c4-26a6-4275-bf03-799987619f45",
    "data": [
      {
        "text": "If I have coronavirus what can I do to stop it from spreading?",
        "userDefined": false
      }
    ],
    "isTemplate": false,
    "count": 1,
    "updated": 0
  },
  {
    "id": "1537dd25-1bfe-449a-824d-146324c44622",
    "data": [
      {
        "text": "If I have corona virus what can I do to stop it from spreading?",
        "userDefined": false
      }
    ],
    "isTemplate": false,
    "count": 1,
    "updated": 0
  }
]