[
  {
    "id": "32062158-1230-4d5a-b64f-b6a0dabc3d43",
    "data": [
      {
        "text": "I would prefer to keep my location private",
        "userDefined": false
      }
    ],
    "isTemplate": false,
    "count": 0,
    "updated": 0
  },
  {
    "id": "b784211a-be41-4a30-b79e-d22424a5378f",
    "data": [
      {
        "text": "keep my location private",
        "userDefined": false
      }
    ],
    "isTemplate": false,
    "count": 0,
    "updated": 0
  },
  {
    "id": "3c610142-e8ee-486d-9906-52fa6522cd83",
    "data": [
      {
        "text": "no",
        "userDefined": false
      }
    ],
    "isTemplate": false,
    "count": 0,
    "updated": 0
  }
]