[
  {
    "id": "6958354d-fa5e-4e7f-a64c-b84228d3e92a",
    "data": [
      {
        "text": "no i don\u0027t want that",
        "userDefined": false
      }
    ],
    "isTemplate": false,
    "count": 0,
    "updated": 0
  },
  {
    "id": "0bf2538d-3e72-4927-b521-991ca3414b8a",
    "data": [
      {
        "text": "no I do not want that kind of information",
        "userDefined": false
      }
    ],
    "isTemplate": false,
    "count": 0,
    "updated": 0
  },
  {
    "id": "3e382167-8a28-4d09-84f2-6a4ac3e51f1c",
    "data": [
      {
        "text": "no",
        "userDefined": false
      }
    ],
    "isTemplate": false,
    "count": 0,
    "updated": 0
  }
]