[
  {
    "id": "b7799aee-172f-4a31-a910-6fdf5789c57a",
    "data": [
      {
        "text": "My name is ",
        "userDefined": false
      },
      {
        "text": "Olivia",
        "alias": "given-name",
        "meta": "@sys.given-name",
        "userDefined": true
      }
    ],
    "isTemplate": false,
    "count": 0,
    "updated": 0
  },
  {
    "id": "2dc2f49b-54a8-40cd-9224-e9eccac8172c",
    "data": [
      {
        "text": "I am ",
        "userDefined": false
      },
      {
        "text": "Olivia",
        "alias": "given-name",
        "meta": "@sys.given-name",
        "userDefined": true
      }
    ],
    "isTemplate": false,
    "count": 0,
    "updated": 0
  }
]